{
    "display_id": "RPROD",
    "title": "T\u00edch c\u1ee7a kho\u1ea3ng",
    "description": {
        "format": "html",
        "value": "<p>Cho 2 s\u1ed1 $a$ v\u00e0 $b$. G\u1ecdi $S$ l\u00e0 t\u00edch c\u1ee7a c\u00e1c s\u1ed1 trong kho\u1ea3ng [a,b].</p><p>H\u00e3y x\u00e9t xem t\u00edch \u0111\u00f3 c\u00f3 gi\u00e1 tr\u1ecb nh\u01b0 th\u1ebf n\u00e0o?</p><p>N\u1ebfu $S$ d\u01b0\u01a1ng th\u00ec in ra &quot;Positive&quot;.</p><p>N\u1ebfu $S$ \u00e2m th\u00ec in ra &quot;Negative&quot;.</p><p>n\u1ebfu $S$=0 th\u00ec in ra &quot;Zero&quot;.</p>"
    },
    "tags": [
        "test"
    ],
    "input_description": {
        "format": "html",
        "value": "<p>Input c\u00f3 d\u1ea1ng: $a$ $b$</p><p>$-10^{9}$ \u2264 a,b \u2264 $10^{9}$</p><p>$a, b$ l\u00e0 s\u1ed1 nguy\u00ean.</p>"
    },
    "output_description": {
        "format": "html",
        "value": "<p>K\u1ebft qu\u1ea3 theo y\u00eau c\u1ea7u</p>"
    },
    "test_case_score": [
        {
            "score": 100,
            "input_name": "1.in",
            "output_name": "1.out"
        },
        {
            "score": 100,
            "input_name": "2.in",
            "output_name": "2.out"
        },
        {
            "score": 100,
            "input_name": "3.in",
            "output_name": "3.out"
        },
        {
            "score": 100,
            "input_name": "4.in",
            "output_name": "4.out"
        },
        {
            "score": 100,
            "input_name": "5.in",
            "output_name": "5.out"
        },
        {
            "score": 100,
            "input_name": "6.in",
            "output_name": "6.out"
        },
        {
            "score": 100,
            "input_name": "7.in",
            "output_name": "7.out"
        },
        {
            "score": 100,
            "input_name": "8.in",
            "output_name": "8.out"
        },
        {
            "score": 100,
            "input_name": "9.in",
            "output_name": "9.out"
        },
        {
            "score": 100,
            "input_name": "10.in",
            "output_name": "10.out"
        },
        {
            "score": 100,
            "input_name": "11.in",
            "output_name": "11.out"
        }
    ],
    "hint": {
        "format": "html",
        "value": ""
    },
    "time_limit": 2000,
    "memory_limit": 1024,
    "samples": [
        {
            "input": "1 3",
            "output": "Positive"
        },
        {
            "input": "-2 -4",
            "output": "Negative"
        }
    ],
    "template": {},
    "spj": null,
    "rule_type": "ACM",
    "source": "ISP Online Judge http://127.0.0.1",
    "answers": []
}