{
    "display_id": "RHOMBUS",
    "title": "H\u00ecnh thoi",
    "description": {
        "format": "html",
        "value": "<p><span style=\"color: rgb(51, 51, 51);\">V\u1ebd h\u00ecnh thoi theo m\u1eabu</span><br /></p>"
    },
    "tags": [
        "test"
    ],
    "input_description": {
        "format": "html",
        "value": "<p><span style=\"color: rgb(51, 51, 51);\">Nh\u1eadp v\u00e0o m\u1ed9t s\u1ed1 nguy\u00ean $n$ l\u00e0 k\u00edch th\u01b0\u1edbc c\u1ee7a h\u00ecnh thoi $1 \\le n \\le 25$.</span><br /></p>"
    },
    "output_description": {
        "format": "html",
        "value": "<p><span style=\"color: rgb(51, 51, 51);\">In ra h\u00ecnh thoi theo k\u00edch th\u01b0\u1edbc y\u00eau c\u1ea7u</span><br /></p>"
    },
    "test_case_score": [
        {
            "score": 100,
            "input_name": "1.in",
            "output_name": "1.out"
        },
        {
            "score": 100,
            "input_name": "2.in",
            "output_name": "2.out"
        },
        {
            "score": 100,
            "input_name": "3.in",
            "output_name": "3.out"
        },
        {
            "score": 100,
            "input_name": "4.in",
            "output_name": "4.out"
        },
        {
            "score": 100,
            "input_name": "5.in",
            "output_name": "5.out"
        },
        {
            "score": 100,
            "input_name": "6.in",
            "output_name": "6.out"
        },
        {
            "score": 100,
            "input_name": "7.in",
            "output_name": "7.out"
        },
        {
            "score": 100,
            "input_name": "8.in",
            "output_name": "8.out"
        },
        {
            "score": 100,
            "input_name": "9.in",
            "output_name": "9.out"
        },
        {
            "score": 100,
            "input_name": "10.in",
            "output_name": "10.out"
        },
        {
            "score": 100,
            "input_name": "11.in",
            "output_name": "11.out"
        },
        {
            "score": 100,
            "input_name": "12.in",
            "output_name": "12.out"
        },
        {
            "score": 100,
            "input_name": "13.in",
            "output_name": "13.out"
        },
        {
            "score": 100,
            "input_name": "14.in",
            "output_name": "14.out"
        }
    ],
    "hint": {
        "format": "html",
        "value": ""
    },
    "time_limit": 2000,
    "memory_limit": 1024,
    "samples": [
        {
            "input": "3",
            "output": "  I\n ISI\nISPSI\n ISI\n  I"
        },
        {
            "input": "5",
            "output": "    I\n   ISI\n  ISPSI\n ISPIPSI\nISPISIPSI\n ISPIPSI\n  ISPSI\n   ISI\n    I"
        }
    ],
    "template": {},
    "spj": null,
    "rule_type": "ACM",
    "source": "ISP Online Judge http://127.0.0.1",
    "answers": []
}