{
    "display_id": "THREESUM",
    "title": "T\u1ed5ng ba s\u1ed1",
    "description": {
        "format": "html",
        "value": "<p>Cho 2 s\u1ed1 nguy\u00ean $K$ v\u00e0 $S$. Cho 3 s\u1ed1 nguy\u00ean $X, Y, Z$ tho\u1ea3 m\u00e3n:$0 \u2264 X, Y, Z \u2264 K$. C\u00f3 bao nhi\u00eau b\u1ed9 s\u1ed1 nguy\u00ean $(X, Y, Z)$ c\u00f3 t\u1ed5ng b\u1eb1ng $S$?<br /></p>"
    },
    "tags": [
        "test"
    ],
    "input_description": {
        "format": "html",
        "value": "<p>Input \u0111\u01b0\u1ee3c \u0111\u01b0a v\u00e0o d\u01b0\u1edbi d\u1ea1ng sau:</p><p>$K S$</p><p>$2 \u2264 K \u2264 2500$</p><p>$0 \u2264 S \u2264 3K$</p><p>$K$ v\u00e0 $S$ l\u00e0 s\u1ed1 nguy\u00ean.</p>"
    },
    "output_description": {
        "format": "html",
        "value": "<p>In ra b\u1ed9 ba s\u1ed1 $X, Y, Z$ tho\u1ea3 m\u00e3n \u0111\u1ec1 b\u00e0i.<br /></p>"
    },
    "test_case_score": [
        {
            "score": 100,
            "input_name": "1.in",
            "output_name": "1.out"
        },
        {
            "score": 100,
            "input_name": "2.in",
            "output_name": "2.out"
        },
        {
            "score": 100,
            "input_name": "3.in",
            "output_name": "3.out"
        },
        {
            "score": 100,
            "input_name": "4.in",
            "output_name": "4.out"
        },
        {
            "score": 100,
            "input_name": "5.in",
            "output_name": "5.out"
        },
        {
            "score": 100,
            "input_name": "6.in",
            "output_name": "6.out"
        },
        {
            "score": 100,
            "input_name": "7.in",
            "output_name": "7.out"
        },
        {
            "score": 100,
            "input_name": "8.in",
            "output_name": "8.out"
        },
        {
            "score": 100,
            "input_name": "9.in",
            "output_name": "9.out"
        },
        {
            "score": 100,
            "input_name": "10.in",
            "output_name": "10.out"
        }
    ],
    "hint": {
        "format": "html",
        "value": "<p>VD1:</p><p>C\u00f3 6 b\u1ed9 s\u1ed1 $(X, Y, Z)$ tho\u1ea3 m\u00e3n: 002, 020, 200, 011, 101, 110</p><p>VD2:</p><p>Gi\u00e1 tr\u1ecb l\u1edbn nh\u1ea5t c\u00f3 th\u1ec3 c\u1ee7a $X + Y + Z$ l\u00e0 $15$, khi m\u00e0 $(X, Y, Z)$ \u0111\u1ea1t gi\u00e1 tr\u1ecb l\u1edbn nh\u1ea5t l\u00e0 $(5, 5, 5)$.<br /></p><p></p><p><span></span></p><h1></h1>"
    },
    "time_limit": 1000,
    "memory_limit": 256,
    "samples": [
        {
            "input": "2 2",
            "output": "6"
        },
        {
            "input": "5 15",
            "output": "1"
        }
    ],
    "template": {},
    "spj": null,
    "rule_type": "ACM",
    "source": "ISP Online Judge http://127.0.0.1",
    "answers": []
}