{
    "display_id": "OhNo",
    "title": "\u00d4 b\u1ecb m\u1ea5t",
    "description": {
        "format": "html",
        "value": "<p>Cho m\u1ed9t h\u00ecnh vu\u00f4ng n\u1eb1m trong m\u1eb7t ph\u1eb3ng $Oxy$. To\u1ea1 \u0111\u1ed9 c\u1ee7a 4 \u0111\u1ec9nh c\u1ee7a n\u00f3 l\u1ea7n l\u01b0\u1ee3t l\u00e0$(x1, y1),(x2, y2),(x3, y3)$v\u00e0 $(x4, y4)$ theo chi\u1ec1u ng\u01b0\u1ee3c chi\u1ec1u kim \u0111\u1ed3ng h\u1ed3. (M\u1eb7c \u0111\u1ecbnh r\u1eb1ng tr\u1ee5c $Ox$ l\u00e0 tr\u1ee5c ho\u00e0nh, tr\u1ee5c $Oy$ l\u00e0 tr\u1ee5c tung).</p><p>L\u01b0\u01a1n nh\u1edb \u0111\u01b0\u1ee3c to\u1ea1 \u0111\u1ed9 $(x1, y1)$v\u00e0 $(x2, y2)$, nh\u01b0ng L\u01b0\u01a1n l\u1ea1i qu\u00ean m\u1ea5t to\u1ea1 \u0111\u1ed9 $(x3, y3)$ v\u00e0 $(x4, y4)$.</p><p>Cho c\u00e1c gi\u00e1 tr\u1ecb $x1$,$ y1$, $x2$, $y2$. H\u00e3y t\u00ecm $x3$, $y3$, $x4$, $y4$. Bi\u1ebft r\u1eb1ng $x3, y3, x4$v\u00e0 $y4$ c\u00f3 t\u1ed3n t\u1ea1i v\u00e0 c\u00f3 gi\u00e1 tr\u1ecb nguy\u00ean.</p><p>## \u0110i\u1ec1u ki\u1ec7n</p><p>$|x1|, |y1|, |x2|, |y2| \u2264 100$</p><p>$(x1, y1)$ \u2260 $(x2, y2)$</p><p>T\u1ea5t c\u1ea3 c\u00e1c gi\u00e1 tr\u1ecb \u0111\u1ec1u l\u00e0 s\u1ed1 nguy\u00ean.</p>"
    },
    "tags": [
        "test"
    ],
    "input_description": {
        "format": "html",
        "value": "<p>Input \u0111\u01b0\u1ee3c \u0111\u01b0a v\u00e0o d\u01b0\u1edbi d\u1ea1ng sau:</p><p>$x1$ $y1$ $x2$ $y2$</p>"
    },
    "output_description": {
        "format": "html",
        "value": "<p>In ra c\u00e1c s\u1ed1 nguy\u00ean theo th\u1ee9 t\u1ef1:</p><p>$x3$ $y3$ $x4$ $y4$</p>"
    },
    "test_case_score": [
        {
            "score": 100,
            "input_name": "1.in",
            "output_name": "1.out"
        },
        {
            "score": 100,
            "input_name": "2.in",
            "output_name": "2.out"
        },
        {
            "score": 100,
            "input_name": "3.in",
            "output_name": "3.out"
        },
        {
            "score": 100,
            "input_name": "4.in",
            "output_name": "4.out"
        },
        {
            "score": 100,
            "input_name": "5.in",
            "output_name": "5.out"
        },
        {
            "score": 100,
            "input_name": "6.in",
            "output_name": "6.out"
        },
        {
            "score": 100,
            "input_name": "7.in",
            "output_name": "7.out"
        },
        {
            "score": 100,
            "input_name": "8.in",
            "output_name": "8.out"
        },
        {
            "score": 100,
            "input_name": "9.in",
            "output_name": "9.out"
        },
        {
            "score": 100,
            "input_name": "10.in",
            "output_name": "10.out"
        },
        {
            "score": 100,
            "input_name": "11.in",
            "output_name": "11.out"
        }
    ],
    "hint": {
        "format": "html",
        "value": ""
    },
    "time_limit": 2000,
    "memory_limit": 1024,
    "samples": [
        {
            "input": "0 0 0 1",
            "output": "-1 1 -1 0"
        },
        {
            "input": "2 3 6 6",
            "output": "3 10 -1 7"
        },
        {
            "input": "31 -41 -59 26",
            "output": "-126 -64 -36 -131"
        }
    ],
    "template": {},
    "spj": null,
    "rule_type": "ACM",
    "source": "ISP Online Judge http://127.0.0.1",
    "answers": []
}