{
    "display_id": "OBSESS",
    "title": "Phong k\u1ef9 t\u00ednh",
    "description": {
        "format": "html",
        "value": "<p>Phong l\u00e0 ng\u01b0\u1eddi r\u1ea5t k\u0129 t\u00ednh trong vi\u1ec7c ti\u1ec1n nong. Phong s\u1ebd c\u00f3 $K$ s\u1ed1 c\u00f3 1 ch\u1eef s\u1ed1 m\u00e0 Phong kh\u00f4ng th\u00edch: $a_{1}$, $a_{2}$, ...,$a_{K}$.</p><p>Sau khi \u0111i Si\u00eau th\u1ecb, Phong s\u1ebd ph\u1ea3i thanh to\u00e1n chi\u1ebfc h\u00f3a \u0111\u01a1n d\u00e0i h\u01a1n c\u1ea3 d\u00f2ng s\u00f4ng Volga c\u1ee7a m\u00ecnh. Chi\u1ebfc h\u00f3a \u0111\u01a1n c\u00f3 gi\u00e1 $N$ dollars n\u00ean t\u1ea5t nhi\u00ean anh \u1ea5y s\u1ebd ph\u1ea3i tr\u1ea3 \u00edt nh\u1ea5t $N$ dollars cho thu ng\u00e2n.</p><p>Tuy nhi\u00ean, do k\u0129 t\u00ednh n\u00ean s\u1ed1 ti\u1ec1n m\u00e0 Phong s\u1ebd tr\u1ea3 cho thu ng\u00e2n (d\u01b0\u1edbi d\u1ea1ng H\u1ec7 s\u1ed1 10) s\u1ebd kh\u00f4ng \u0111\u01b0\u1ee3c c\u00f3 nh\u1eefng s\u1ed1 m\u00e0 anh ta gh\u00e9t.</p><p>Do \u0111\u00f3, h\u00e3y t\u00ecm s\u1ed1 ti\u1ec1n nh\u1ecf nh\u1ea5t th\u1ecfa m\u00e3n m\u00e0 Phong c\u1ea7n t\u00ecm \u0111\u1ec3 tr\u1ea3 cho thu ng\u00e2n nh\u00e9.</p><h1></h1>"
    },
    "tags": [
        "test"
    ],
    "input_description": {
        "format": "html",
        "value": "<p>Input c\u00f3 d\u1ea1ng:</p><p>$N$ $K$</p><p>$a_{1}$ $a_{2}$ ...$a_{K}$</p>"
    },
    "output_description": {
        "format": "html",
        "value": "<p>In ra s\u1ed1 ti\u1ec1n th\u1ecfa m\u00e3n.<br /></p>"
    },
    "test_case_score": [
        {
            "score": 100,
            "input_name": "1.in",
            "output_name": "1.out"
        },
        {
            "score": 100,
            "input_name": "2.in",
            "output_name": "2.out"
        },
        {
            "score": 100,
            "input_name": "3.in",
            "output_name": "3.out"
        },
        {
            "score": 100,
            "input_name": "4.in",
            "output_name": "4.out"
        },
        {
            "score": 100,
            "input_name": "5.in",
            "output_name": "5.out"
        }
    ],
    "hint": {
        "format": "html",
        "value": "<p>VD1:Phong ch\u1ec9 th\u00edch c\u00e1c s\u1ed1 0 v\u00e0 2. Do \u0111\u00f3 s\u1ed1 ti\u1ec1n nh\u1ecf nh\u1ea5t Phong tr\u1ea3 cho thu ng\u00e2n s\u1ebd l\u00e0 2000 dollars.<span style=\"color: rgb(201, 209, 217);\"></span></p>"
    },
    "time_limit": 2000,
    "memory_limit": 1024,
    "samples": [
        {
            "input": "1000 8\n1 3 4 5 6 7 8 9",
            "output": "2000"
        },
        {
            "input": "9999 1\n0",
            "output": "9999"
        }
    ],
    "template": {},
    "spj": null,
    "rule_type": "ACM",
    "source": "ISP Online Judge http://127.0.0.1",
    "answers": []
}